<?xml version="1.0" encoding="utf-8"?>
<odoo>
    <data>
        <record id="l10n_lt_intrastat.intrastat_region_1" model="account.intrastat.code">
            <field name="code">A</field>
            <field name="name">Alytus county</field>
            <field name="type">region</field>
            <field name="country_id" ref="base.lt"/>
        </record>
        <record id="l10n_lt_intrastat.intrastat_region_2" model="account.intrastat.code">
            <field name="code">K</field>
            <field name="name">Kaunas county</field>
            <field name="type">region</field>
            <field name="country_id" ref="base.lt"/>
        </record>
        <record id="l10n_lt_intrastat.intrastat_region_3" model="account.intrastat.code">
            <field name="code">L</field>
            <field name="name">Klaipeda county</field>
            <field name="type">region</field>
            <field name="country_id" ref="base.lt"/>
        </record>
        <record id="l10n_lt_intrastat.intrastat_region_4" model="account.intrastat.code">
            <field name="code">M</field>
            <field name="name">Marijampole county</field>
            <field name="type">region</field>
            <field name="country_id" ref="base.lt"/>
        </record>
        <record id="l10n_lt_intrastat.intrastat_region_5" model="account.intrastat.code">
            <field name="code">P</field>
            <field name="name">Panevezys county</field>
            <field name="type">region</field>
            <field name="country_id" ref="base.lt"/>
        </record>
        <record id="l10n_lt_intrastat.intrastat_region_6" model="account.intrastat.code">
            <field name="code">S</field>
            <field name="name">Siauliai county</field>
            <field name="type">region</field>
            <field name="country_id" ref="base.lt"/>
        </record>
        <record id="l10n_lt_intrastat.intrastat_region_7" model="account.intrastat.code">
            <field name="code">J</field>
            <field name="name">Taurage county</field>
            <field name="type">region</field>
            <field name="country_id" ref="base.lt"/>
        </record>
        <record id="l10n_lt_intrastat.intrastat_region_8" model="account.intrastat.code">
            <field name="code">T</field>
            <field name="name">Telsiai county</field>
            <field name="type">region</field>
            <field name="country_id" ref="base.lt"/>
        </record>
        <record id="l10n_lt_intrastat.intrastat_region_9" model="account.intrastat.code">
            <field name="code">U</field>
            <field name="name">Utena county</field>
            <field name="type">region</field>
            <field name="country_id" ref="base.lt"/>
        </record>
        <record id="l10n_lt_intrastat.intrastat_region_10" model="account.intrastat.code">
            <field name="code">V</field>
            <field name="name">Vilnius county</field>
            <field name="type">region</field>
            <field name="country_id" ref="base.lt"/>
        </record>
    </data>
</odoo>
